[{"model": "admin.logentry", "pk": 1, "fields": {"action_time": "2025-04-24T08:13:04.301Z", "user": 2, "content_type": 9, "object_id": "1", "object_repr": "hulk", "action_flag": 1, "change_message": "[{\"added\": {}}]"}}, {"model": "admin.logentry", "pk": 2, "fields": {"action_time": "2025-04-24T08:13:24.786Z", "user": 2, "content_type": 9, "object_id": "2", "object_repr": "your name", "action_flag": 1, "change_message": "[{\"added\": {}}]"}}, {"model": "admin.logentry", "pk": 3, "fields": {"action_time": "2025-04-24T08:13:44.388Z", "user": 2, "content_type": 6, "object_id": "1", "object_repr": "viva", "action_flag": 1, "change_message": "[{\"added\": {}}]"}}, {"model": "admin.logentry", "pk": 4, "fields": {"action_time": "2025-04-24T08:20:16.888Z", "user": 2, "content_type": 10, "object_id": "1", "object_repr": "hulk at viva - 08:20 AM", "action_flag": 1, "change_message": "[{\"added\": {}}]"}}, {"model": "admin.logentry", "pk": 5, "fields": {"action_time": "2025-04-24T08:25:39.813Z", "user": 2, "content_type": 10, "object_id": "2", "object_repr": "hulk at viva - 12:00 PM", "action_flag": 1, "change_message": "[{\"added\": {}}]"}}, {"model": "admin.logentry", "pk": 6, "fields": {"action_time": "2025-04-24T08:26:32.916Z", "user": 2, "content_type": 10, "object_id": "3", "object_repr": "your name at viva - 12:00 PM", "action_flag": 1, "change_message": "[{\"added\": {}}]"}}, {"model": "admin.logentry", "pk": 7, "fields": {"action_time": "2025-04-24T08:26:44.668Z", "user": 2, "content_type": 10, "object_id": "4", "object_repr": "your name at viva - 08:24 AM", "action_flag": 1, "change_message": "[{\"added\": {}}]"}}, {"model": "admin.logentry", "pk": 8, "fields": {"action_time": "2025-04-24T08:27:24.448Z", "user": 2, "content_type": 6, "object_id": "2", "object_repr": "imax", "action_flag": 1, "change_message": "[{\"added\": {}}]"}}, {"model": "admin.logentry", "pk": 9, "fields": {"action_time": "2025-04-24T08:27:49.470Z", "user": 2, "content_type": 10, "object_id": "5", "object_repr": "your name at imax - 12:00 PM", "action_flag": 1, "change_message": "[{\"added\": {}}]"}}, {"model": "admin.logentry", "pk": 10, "fields": {"action_time": "2025-04-24T08:28:33.572Z", "user": 2, "content_type": 10, "object_id": "6", "object_repr": "hulk at imax - 09:00 AM", "action_flag": 1, "change_message": "[{\"added\": {}}]"}}, {"model": "admin.logentry", "pk": 11, "fields": {"action_time": "2025-04-24T10:51:34.093Z", "user": 2, "content_type": 9, "object_id": "3", "object_repr": "DR.STONE", "action_flag": 1, "change_message": "[{\"added\": {}}]"}}, {"model": "admin.logentry", "pk": 12, "fields": {"action_time": "2025-04-24T10:51:38.591Z", "user": 2, "content_type": 9, "object_id": "3", "object_repr": "DR.STONE", "action_flag": 2, "change_message": "[]"}}, {"model": "admin.logentry", "pk": 13, "fields": {"action_time": "2025-04-24T10:52:39.568Z", "user": 2, "content_type": 10, "object_id": "7", "object_repr": "DR.STONE at imax - 07:00 AM", "action_flag": 1, "change_message": "[{\"added\": {}}]"}}, {"model": "admin.logentry", "pk": 14, "fields": {"action_time": "2025-04-24T12:30:15.615Z", "user": 2, "content_type": 6, "object_id": "3", "object_repr": "3D max", "action_flag": 1, "change_message": "[{\"added\": {}}]"}}, {"model": "admin.logentry", "pk": 15, "fields": {"action_time": "2025-04-24T12:30:37.401Z", "user": 2, "content_type": 9, "object_id": "4", "object_repr": "my name is raj", "action_flag": 1, "change_message": "[{\"added\": {}}]"}}, {"model": "admin.logentry", "pk": 16, "fields": {"action_time": "2025-04-24T12:31:24.332Z", "user": 2, "content_type": 10, "object_id": "8", "object_repr": "my name is raj at 3D max - 12:00 PM", "action_flag": 1, "change_message": "[{\"added\": {}}]"}}, {"model": "admin.logentry", "pk": 17, "fields": {"action_time": "2025-04-24T12:50:46.002Z", "user": 2, "content_type": 10, "object_id": "9", "object_repr": "hulk at imax - 12:50 PM on April 24, 2025", "action_flag": 1, "change_message": "[{\"added\": {}}]"}}, {"model": "admin.logentry", "pk": 18, "fields": {"action_time": "2025-04-24T14:15:47.099Z", "user": 2, "content_type": 10, "object_id": "8", "object_repr": "my name is raj at 3D max - 02:15 PM on April 25, 2025", "action_flag": 2, "change_message": "[{\"changed\": {\"fields\": [\"Time slot\"]}}]"}}, {"model": "admin.logentry", "pk": 19, "fields": {"action_time": "2025-04-24T14:16:02.314Z", "user": 2, "content_type": 10, "object_id": "7", "object_repr": "DR.STONE at imax - 06:00 AM on April 26, 2025", "action_flag": 2, "change_message": "[{\"changed\": {\"fields\": [\"Time slot\"]}}]"}}, {"model": "admin.logentry", "pk": 20, "fields": {"action_time": "2025-04-24T14:16:14.013Z", "user": 2, "content_type": 10, "object_id": "6", "object_repr": "hulk at imax - 06:00 AM on April 27, 2025", "action_flag": 2, "change_message": "[{\"changed\": {\"fields\": [\"Time slot\"]}}]"}}, {"model": "admin.logentry", "pk": 21, "fields": {"action_time": "2025-04-24T14:16:25.230Z", "user": 2, "content_type": 10, "object_id": "6", "object_repr": "hulk at imax - 09:00 AM on April 27, 2025", "action_flag": 2, "change_message": "[{\"changed\": {\"fields\": [\"Time slot\"]}}]"}}, {"model": "admin.logentry", "pk": 22, "fields": {"action_time": "2025-04-24T14:16:46.838Z", "user": 2, "content_type": 10, "object_id": "5", "object_repr": "your name at imax - 12:00 PM on May 01, 2025", "action_flag": 2, "change_message": "[{\"changed\": {\"fields\": [\"Time slot\"]}}]"}}, {"model": "admin.logentry", "pk": 23, "fields": {"action_time": "2025-04-24T14:16:58.577Z", "user": 2, "content_type": 10, "object_id": "4", "object_repr": "your name at viva - 12:00 PM on May 02, 2025", "action_flag": 2, "change_message": "[{\"changed\": {\"fields\": [\"Time slot\"]}}]"}}, {"model": "admin.logentry", "pk": 24, "fields": {"action_time": "2025-04-24T14:17:08.611Z", "user": 2, "content_type": 10, "object_id": "3", "object_repr": "your name at viva - 02:15 PM on May 05, 2025", "action_flag": 2, "change_message": "[{\"changed\": {\"fields\": [\"Time slot\"]}}]"}}, {"model": "admin.logentry", "pk": 25, "fields": {"action_time": "2025-04-24T14:17:17.692Z", "user": 2, "content_type": 10, "object_id": "2", "object_repr": "hulk at viva - 06:00 AM on May 08, 2025", "action_flag": 2, "change_message": "[{\"changed\": {\"fields\": [\"Time slot\"]}}]"}}, {"model": "admin.logentry", "pk": 26, "fields": {"action_time": "2025-04-24T14:17:30.442Z", "user": 2, "content_type": 10, "object_id": "1", "object_repr": "hulk at viva - 09:00 AM on May 14, 2025", "action_flag": 2, "change_message": "[{\"changed\": {\"fields\": [\"Time slot\"]}}]"}}, {"model": "admin.logentry", "pk": 27, "fields": {"action_time": "2025-04-29T11:07:05.399Z", "user": 2, "content_type": 12, "object_id": "1", "object_repr": "45 - Available", "action_flag": 1, "change_message": "[{\"added\": {}}]"}}, {"model": "admin.logentry", "pk": 28, "fields": {"action_time": "2025-04-29T14:16:46.900Z", "user": 2, "content_type": 6, "object_id": "4", "object_repr": "carnival", "action_flag": 1, "change_message": "[{\"added\": {}}]"}}, {"model": "admin.logentry", "pk": 29, "fields": {"action_time": "2025-04-29T14:20:26.075Z", "user": 2, "content_type": 10, "object_id": "10", "object_repr": "DR.STONE at carnival - 06:00 AM on April 29, 2025", "action_flag": 1, "change_message": "[{\"added\": {}}]"}}, {"model": "admin.logentry", "pk": 30, "fields": {"action_time": "2025-04-29T14:21:44.325Z", "user": 2, "content_type": 12, "object_id": "101", "object_repr": "S100 - Available", "action_flag": 3, "change_message": ""}}, {"model": "admin.logentry", "pk": 31, "fields": {"action_time": "2025-04-29T14:21:44.325Z", "user": 2, "content_type": 12, "object_id": "100", "object_repr": "S99 - Available", "action_flag": 3, "change_message": ""}}, {"model": "admin.logentry", "pk": 32, "fields": {"action_time": "2025-04-29T14:21:44.325Z", "user": 2, "content_type": 12, "object_id": "99", "object_repr": "S98 - Available", "action_flag": 3, "change_message": ""}}, {"model": "admin.logentry", "pk": 33, "fields": {"action_time": "2025-04-29T14:21:44.325Z", "user": 2, "content_type": 12, "object_id": "98", "object_repr": "S97 - Available", "action_flag": 3, "change_message": ""}}, {"model": "admin.logentry", "pk": 34, "fields": {"action_time": "2025-04-29T14:21:44.325Z", "user": 2, "content_type": 12, "object_id": "97", "object_repr": "S96 - Available", "action_flag": 3, "change_message": ""}}, {"model": "admin.logentry", "pk": 35, "fields": {"action_time": "2025-04-29T14:21:44.325Z", "user": 2, "content_type": 12, "object_id": "96", "object_repr": "S95 - Available", "action_flag": 3, "change_message": ""}}, {"model": "admin.logentry", "pk": 36, "fields": {"action_time": "2025-04-29T14:21:44.325Z", "user": 2, "content_type": 12, "object_id": "95", "object_repr": "S94 - Available", "action_flag": 3, "change_message": ""}}, {"model": "admin.logentry", "pk": 37, "fields": {"action_time": "2025-04-29T14:21:44.325Z", "user": 2, "content_type": 12, "object_id": "94", "object_repr": "S93 - Available", "action_flag": 3, "change_message": ""}}, {"model": "admin.logentry", "pk": 38, "fields": {"action_time": "2025-04-29T14:21:44.325Z", "user": 2, "content_type": 12, "object_id": "93", "object_repr": "S92 - Available", "action_flag": 3, "change_message": ""}}, {"model": "admin.logentry", "pk": 39, "fields": {"action_time": "2025-04-29T14:21:44.325Z", "user": 2, "content_type": 12, "object_id": "92", "object_repr": "S91 - Available", "action_flag": 3, "change_message": ""}}, {"model": "admin.logentry", "pk": 40, "fields": {"action_time": "2025-04-29T14:21:44.325Z", "user": 2, "content_type": 12, "object_id": "91", "object_repr": "S90 - Available", "action_flag": 3, "change_message": ""}}, {"model": "admin.logentry", "pk": 41, "fields": {"action_time": "2025-04-29T14:21:44.325Z", "user": 2, "content_type": 12, "object_id": "90", "object_repr": "S89 - Available", "action_flag": 3, "change_message": ""}}, {"model": "admin.logentry", "pk": 42, "fields": {"action_time": "2025-04-29T14:21:44.325Z", "user": 2, "content_type": 12, "object_id": "89", "object_repr": "S88 - Available", "action_flag": 3, "change_message": ""}}, {"model": "admin.logentry", "pk": 43, "fields": {"action_time": "2025-04-29T14:21:44.325Z", "user": 2, "content_type": 12, "object_id": "88", "object_repr": "S87 - Available", "action_flag": 3, "change_message": ""}}, {"model": "admin.logentry", "pk": 44, "fields": {"action_time": "2025-04-29T14:21:44.325Z", "user": 2, "content_type": 12, "object_id": "87", "object_repr": "S86 - Available", "action_flag": 3, "change_message": ""}}, {"model": "admin.logentry", "pk": 45, "fields": {"action_time": "2025-04-29T14:21:44.325Z", "user": 2, "content_type": 12, "object_id": "86", "object_repr": "S85 - Available", "action_flag": 3, "change_message": ""}}, {"model": "admin.logentry", "pk": 46, "fields": {"action_time": "2025-04-29T14:21:44.325Z", "user": 2, "content_type": 12, "object_id": "85", "object_repr": "S84 - Available", "action_flag": 3, "change_message": ""}}, {"model": "admin.logentry", "pk": 47, "fields": {"action_time": "2025-04-29T14:21:44.326Z", "user": 2, "content_type": 12, "object_id": "84", "object_repr": "S83 - Available", "action_flag": 3, "change_message": ""}}, {"model": "admin.logentry", "pk": 48, "fields": {"action_time": "2025-04-29T14:21:44.326Z", "user": 2, "content_type": 12, "object_id": "83", "object_repr": "S82 - Available", "action_flag": 3, "change_message": ""}}, {"model": "admin.logentry", "pk": 49, "fields": {"action_time": "2025-04-29T14:21:44.326Z", "user": 2, "content_type": 12, "object_id": "82", "object_repr": "S81 - Available", "action_flag": 3, "change_message": ""}}, {"model": "admin.logentry", "pk": 50, "fields": {"action_time": "2025-04-29T14:21:44.326Z", "user": 2, "content_type": 12, "object_id": "81", "object_repr": "S80 - Available", "action_flag": 3, "change_message": ""}}, {"model": "admin.logentry", "pk": 51, "fields": {"action_time": "2025-04-29T14:21:44.326Z", "user": 2, "content_type": 12, "object_id": "80", "object_repr": "S79 - Available", "action_flag": 3, "change_message": ""}}, {"model": "admin.logentry", "pk": 52, "fields": {"action_time": "2025-04-29T14:21:44.326Z", "user": 2, "content_type": 12, "object_id": "79", "object_repr": "S78 - Available", "action_flag": 3, "change_message": ""}}, {"model": "admin.logentry", "pk": 53, "fields": {"action_time": "2025-04-29T14:21:44.326Z", "user": 2, "content_type": 12, "object_id": "78", "object_repr": "S77 - Available", "action_flag": 3, "change_message": ""}}, {"model": "admin.logentry", "pk": 54, "fields": {"action_time": "2025-04-29T14:21:44.326Z", "user": 2, "content_type": 12, "object_id": "77", "object_repr": "S76 - Available", "action_flag": 3, "change_message": ""}}, {"model": "admin.logentry", "pk": 55, "fields": {"action_time": "2025-04-29T14:21:44.326Z", "user": 2, "content_type": 12, "object_id": "76", "object_repr": "S75 - Available", "action_flag": 3, "change_message": ""}}, {"model": "admin.logentry", "pk": 56, "fields": {"action_time": "2025-04-29T14:21:44.326Z", "user": 2, "content_type": 12, "object_id": "75", "object_repr": "S74 - Available", "action_flag": 3, "change_message": ""}}, {"model": "admin.logentry", "pk": 57, "fields": {"action_time": "2025-04-29T14:21:44.326Z", "user": 2, "content_type": 12, "object_id": "74", "object_repr": "S73 - Available", "action_flag": 3, "change_message": ""}}, {"model": "admin.logentry", "pk": 58, "fields": {"action_time": "2025-04-29T14:21:44.326Z", "user": 2, "content_type": 12, "object_id": "73", "object_repr": "S72 - Available", "action_flag": 3, "change_message": ""}}, {"model": "admin.logentry", "pk": 59, "fields": {"action_time": "2025-04-29T14:21:44.326Z", "user": 2, "content_type": 12, "object_id": "72", "object_repr": "S71 - Available", "action_flag": 3, "change_message": ""}}, {"model": "admin.logentry", "pk": 60, "fields": {"action_time": "2025-04-29T14:21:44.326Z", "user": 2, "content_type": 12, "object_id": "71", "object_repr": "S70 - Available", "action_flag": 3, "change_message": ""}}, {"model": "admin.logentry", "pk": 61, "fields": {"action_time": "2025-04-29T14:21:44.326Z", "user": 2, "content_type": 12, "object_id": "70", "object_repr": "S69 - Available", "action_flag": 3, "change_message": ""}}, {"model": "admin.logentry", "pk": 62, "fields": {"action_time": "2025-04-29T14:21:44.326Z", "user": 2, "content_type": 12, "object_id": "69", "object_repr": "S68 - Available", "action_flag": 3, "change_message": ""}}, {"model": "admin.logentry", "pk": 63, "fields": {"action_time": "2025-04-29T14:21:44.326Z", "user": 2, "content_type": 12, "object_id": "68", "object_repr": "S67 - Available", "action_flag": 3, "change_message": ""}}, {"model": "admin.logentry", "pk": 64, "fields": {"action_time": "2025-04-29T14:21:44.326Z", "user": 2, "content_type": 12, "object_id": "67", "object_repr": "S66 - Available", "action_flag": 3, "change_message": ""}}, {"model": "admin.logentry", "pk": 65, "fields": {"action_time": "2025-04-29T14:21:44.326Z", "user": 2, "content_type": 12, "object_id": "66", "object_repr": "S65 - Available", "action_flag": 3, "change_message": ""}}, {"model": "admin.logentry", "pk": 66, "fields": {"action_time": "2025-04-29T14:21:44.326Z", "user": 2, "content_type": 12, "object_id": "65", "object_repr": "S64 - Available", "action_flag": 3, "change_message": ""}}, {"model": "admin.logentry", "pk": 67, "fields": {"action_time": "2025-04-29T14:21:44.326Z", "user": 2, "content_type": 12, "object_id": "64", "object_repr": "S63 - Available", "action_flag": 3, "change_message": ""}}, {"model": "admin.logentry", "pk": 68, "fields": {"action_time": "2025-04-29T14:21:44.326Z", "user": 2, "content_type": 12, "object_id": "63", "object_repr": "S62 - Available", "action_flag": 3, "change_message": ""}}, {"model": "admin.logentry", "pk": 69, "fields": {"action_time": "2025-04-29T14:21:44.326Z", "user": 2, "content_type": 12, "object_id": "62", "object_repr": "S61 - Available", "action_flag": 3, "change_message": ""}}, {"model": "admin.logentry", "pk": 70, "fields": {"action_time": "2025-04-29T14:21:44.326Z", "user": 2, "content_type": 12, "object_id": "61", "object_repr": "S60 - Available", "action_flag": 3, "change_message": ""}}, {"model": "admin.logentry", "pk": 71, "fields": {"action_time": "2025-04-29T14:21:44.326Z", "user": 2, "content_type": 12, "object_id": "60", "object_repr": "S59 - Available", "action_flag": 3, "change_message": ""}}, {"model": "admin.logentry", "pk": 72, "fields": {"action_time": "2025-04-29T14:21:44.326Z", "user": 2, "content_type": 12, "object_id": "59", "object_repr": "S58 - Available", "action_flag": 3, "change_message": ""}}, {"model": "admin.logentry", "pk": 73, "fields": {"action_time": "2025-04-29T14:21:44.326Z", "user": 2, "content_type": 12, "object_id": "58", "object_repr": "S57 - Available", "action_flag": 3, "change_message": ""}}, {"model": "admin.logentry", "pk": 74, "fields": {"action_time": "2025-04-29T14:21:44.326Z", "user": 2, "content_type": 12, "object_id": "57", "object_repr": "S56 - Available", "action_flag": 3, "change_message": ""}}, {"model": "admin.logentry", "pk": 75, "fields": {"action_time": "2025-04-29T14:21:44.326Z", "user": 2, "content_type": 12, "object_id": "56", "object_repr": "S55 - Available", "action_flag": 3, "change_message": ""}}, {"model": "admin.logentry", "pk": 76, "fields": {"action_time": "2025-04-29T14:21:44.326Z", "user": 2, "content_type": 12, "object_id": "55", "object_repr": "S54 - Available", "action_flag": 3, "change_message": ""}}, {"model": "admin.logentry", "pk": 77, "fields": {"action_time": "2025-04-29T14:21:44.326Z", "user": 2, "content_type": 12, "object_id": "54", "object_repr": "S53 - Available", "action_flag": 3, "change_message": ""}}, {"model": "admin.logentry", "pk": 78, "fields": {"action_time": "2025-04-29T14:21:44.326Z", "user": 2, "content_type": 12, "object_id": "53", "object_repr": "S52 - Available", "action_flag": 3, "change_message": ""}}, {"model": "admin.logentry", "pk": 79, "fields": {"action_time": "2025-04-29T14:21:44.326Z", "user": 2, "content_type": 12, "object_id": "52", "object_repr": "S51 - Available", "action_flag": 3, "change_message": ""}}, {"model": "admin.logentry", "pk": 80, "fields": {"action_time": "2025-04-29T14:21:44.326Z", "user": 2, "content_type": 12, "object_id": "51", "object_repr": "S50 - Available", "action_flag": 3, "change_message": ""}}, {"model": "admin.logentry", "pk": 81, "fields": {"action_time": "2025-04-29T14:21:44.326Z", "user": 2, "content_type": 12, "object_id": "50", "object_repr": "S49 - Available", "action_flag": 3, "change_message": ""}}, {"model": "admin.logentry", "pk": 82, "fields": {"action_time": "2025-04-29T14:21:44.326Z", "user": 2, "content_type": 12, "object_id": "49", "object_repr": "S48 - Available", "action_flag": 3, "change_message": ""}}, {"model": "admin.logentry", "pk": 83, "fields": {"action_time": "2025-04-29T14:21:44.326Z", "user": 2, "content_type": 12, "object_id": "48", "object_repr": "S47 - Available", "action_flag": 3, "change_message": ""}}, {"model": "admin.logentry", "pk": 84, "fields": {"action_time": "2025-04-29T14:21:44.326Z", "user": 2, "content_type": 12, "object_id": "47", "object_repr": "S46 - Available", "action_flag": 3, "change_message": ""}}, {"model": "admin.logentry", "pk": 85, "fields": {"action_time": "2025-04-29T14:21:44.326Z", "user": 2, "content_type": 12, "object_id": "46", "object_repr": "S45 - Available", "action_flag": 3, "change_message": ""}}, {"model": "admin.logentry", "pk": 86, "fields": {"action_time": "2025-04-29T14:21:44.326Z", "user": 2, "content_type": 12, "object_id": "45", "object_repr": "S44 - Available", "action_flag": 3, "change_message": ""}}, {"model": "admin.logentry", "pk": 87, "fields": {"action_time": "2025-04-29T14:21:44.326Z", "user": 2, "content_type": 12, "object_id": "44", "object_repr": "S43 - Available", "action_flag": 3, "change_message": ""}}, {"model": "admin.logentry", "pk": 88, "fields": {"action_time": "2025-04-29T14:21:44.326Z", "user": 2, "content_type": 12, "object_id": "43", "object_repr": "S42 - Available", "action_flag": 3, "change_message": ""}}, {"model": "admin.logentry", "pk": 89, "fields": {"action_time": "2025-04-29T14:21:44.326Z", "user": 2, "content_type": 12, "object_id": "42", "object_repr": "S41 - Available", "action_flag": 3, "change_message": ""}}, {"model": "admin.logentry", "pk": 90, "fields": {"action_time": "2025-04-29T14:21:44.326Z", "user": 2, "content_type": 12, "object_id": "41", "object_repr": "S40 - Available", "action_flag": 3, "change_message": ""}}, {"model": "admin.logentry", "pk": 91, "fields": {"action_time": "2025-04-29T14:21:44.326Z", "user": 2, "content_type": 12, "object_id": "40", "object_repr": "S39 - Available", "action_flag": 3, "change_message": ""}}, {"model": "admin.logentry", "pk": 92, "fields": {"action_time": "2025-04-29T14:21:44.326Z", "user": 2, "content_type": 12, "object_id": "39", "object_repr": "S38 - Available", "action_flag": 3, "change_message": ""}}, {"model": "admin.logentry", "pk": 93, "fields": {"action_time": "2025-04-29T14:21:44.326Z", "user": 2, "content_type": 12, "object_id": "38", "object_repr": "S37 - Available", "action_flag": 3, "change_message": ""}}, {"model": "admin.logentry", "pk": 94, "fields": {"action_time": "2025-04-29T14:21:44.326Z", "user": 2, "content_type": 12, "object_id": "37", "object_repr": "S36 - Available", "action_flag": 3, "change_message": ""}}, {"model": "admin.logentry", "pk": 95, "fields": {"action_time": "2025-04-29T14:21:44.326Z", "user": 2, "content_type": 12, "object_id": "36", "object_repr": "S35 - Available", "action_flag": 3, "change_message": ""}}, {"model": "admin.logentry", "pk": 96, "fields": {"action_time": "2025-04-29T14:21:44.326Z", "user": 2, "content_type": 12, "object_id": "35", "object_repr": "S34 - Available", "action_flag": 3, "change_message": ""}}, {"model": "admin.logentry", "pk": 97, "fields": {"action_time": "2025-04-29T14:21:44.326Z", "user": 2, "content_type": 12, "object_id": "34", "object_repr": "S33 - Available", "action_flag": 3, "change_message": ""}}, {"model": "admin.logentry", "pk": 98, "fields": {"action_time": "2025-04-29T14:21:44.326Z", "user": 2, "content_type": 12, "object_id": "33", "object_repr": "S32 - Available", "action_flag": 3, "change_message": ""}}, {"model": "admin.logentry", "pk": 99, "fields": {"action_time": "2025-04-29T14:21:44.326Z", "user": 2, "content_type": 12, "object_id": "32", "object_repr": "S31 - Available", "action_flag": 3, "change_message": ""}}, {"model": "admin.logentry", "pk": 100, "fields": {"action_time": "2025-04-29T14:21:44.326Z", "user": 2, "content_type": 12, "object_id": "31", "object_repr": "S30 - Available", "action_flag": 3, "change_message": ""}}, {"model": "admin.logentry", "pk": 101, "fields": {"action_time": "2025-04-29T14:21:44.326Z", "user": 2, "content_type": 12, "object_id": "30", "object_repr": "S29 - Available", "action_flag": 3, "change_message": ""}}, {"model": "admin.logentry", "pk": 102, "fields": {"action_time": "2025-04-29T14:21:44.326Z", "user": 2, "content_type": 12, "object_id": "29", "object_repr": "S28 - Available", "action_flag": 3, "change_message": ""}}, {"model": "admin.logentry", "pk": 103, "fields": {"action_time": "2025-04-29T14:21:44.326Z", "user": 2, "content_type": 12, "object_id": "28", "object_repr": "S27 - Available", "action_flag": 3, "change_message": ""}}, {"model": "admin.logentry", "pk": 104, "fields": {"action_time": "2025-04-29T14:21:44.326Z", "user": 2, "content_type": 12, "object_id": "27", "object_repr": "S26 - Available", "action_flag": 3, "change_message": ""}}, {"model": "admin.logentry", "pk": 105, "fields": {"action_time": "2025-04-29T14:21:44.326Z", "user": 2, "content_type": 12, "object_id": "26", "object_repr": "S25 - Available", "action_flag": 3, "change_message": ""}}, {"model": "admin.logentry", "pk": 106, "fields": {"action_time": "2025-04-29T14:21:44.326Z", "user": 2, "content_type": 12, "object_id": "25", "object_repr": "S24 - Available", "action_flag": 3, "change_message": ""}}, {"model": "admin.logentry", "pk": 107, "fields": {"action_time": "2025-04-29T14:21:44.327Z", "user": 2, "content_type": 12, "object_id": "24", "object_repr": "S23 - Available", "action_flag": 3, "change_message": ""}}, {"model": "admin.logentry", "pk": 108, "fields": {"action_time": "2025-04-29T14:21:44.327Z", "user": 2, "content_type": 12, "object_id": "23", "object_repr": "S22 - Available", "action_flag": 3, "change_message": ""}}, {"model": "admin.logentry", "pk": 109, "fields": {"action_time": "2025-04-29T14:21:44.327Z", "user": 2, "content_type": 12, "object_id": "22", "object_repr": "S21 - Available", "action_flag": 3, "change_message": ""}}, {"model": "admin.logentry", "pk": 110, "fields": {"action_time": "2025-04-29T14:21:44.327Z", "user": 2, "content_type": 12, "object_id": "21", "object_repr": "S20 - Available", "action_flag": 3, "change_message": ""}}, {"model": "admin.logentry", "pk": 111, "fields": {"action_time": "2025-04-29T14:21:44.327Z", "user": 2, "content_type": 12, "object_id": "20", "object_repr": "S19 - Available", "action_flag": 3, "change_message": ""}}, {"model": "admin.logentry", "pk": 112, "fields": {"action_time": "2025-04-29T14:21:44.327Z", "user": 2, "content_type": 12, "object_id": "19", "object_repr": "S18 - Available", "action_flag": 3, "change_message": ""}}, {"model": "admin.logentry", "pk": 113, "fields": {"action_time": "2025-04-29T14:21:44.327Z", "user": 2, "content_type": 12, "object_id": "18", "object_repr": "S17 - Available", "action_flag": 3, "change_message": ""}}, {"model": "admin.logentry", "pk": 114, "fields": {"action_time": "2025-04-29T14:21:44.327Z", "user": 2, "content_type": 12, "object_id": "17", "object_repr": "S16 - Available", "action_flag": 3, "change_message": ""}}, {"model": "admin.logentry", "pk": 115, "fields": {"action_time": "2025-04-29T14:21:44.327Z", "user": 2, "content_type": 12, "object_id": "16", "object_repr": "S15 - Available", "action_flag": 3, "change_message": ""}}, {"model": "admin.logentry", "pk": 116, "fields": {"action_time": "2025-04-29T14:21:44.327Z", "user": 2, "content_type": 12, "object_id": "15", "object_repr": "S14 - Available", "action_flag": 3, "change_message": ""}}, {"model": "admin.logentry", "pk": 117, "fields": {"action_time": "2025-04-29T14:21:44.327Z", "user": 2, "content_type": 12, "object_id": "14", "object_repr": "S13 - Available", "action_flag": 3, "change_message": ""}}, {"model": "admin.logentry", "pk": 118, "fields": {"action_time": "2025-04-29T14:21:44.327Z", "user": 2, "content_type": 12, "object_id": "13", "object_repr": "S12 - Available", "action_flag": 3, "change_message": ""}}, {"model": "admin.logentry", "pk": 119, "fields": {"action_time": "2025-04-29T14:21:44.327Z", "user": 2, "content_type": 12, "object_id": "12", "object_repr": "S11 - Available", "action_flag": 3, "change_message": ""}}, {"model": "admin.logentry", "pk": 120, "fields": {"action_time": "2025-04-29T14:21:44.327Z", "user": 2, "content_type": 12, "object_id": "11", "object_repr": "S10 - Available", "action_flag": 3, "change_message": ""}}, {"model": "admin.logentry", "pk": 121, "fields": {"action_time": "2025-04-29T14:21:44.327Z", "user": 2, "content_type": 12, "object_id": "10", "object_repr": "S9 - Available", "action_flag": 3, "change_message": ""}}, {"model": "admin.logentry", "pk": 122, "fields": {"action_time": "2025-04-29T14:21:44.327Z", "user": 2, "content_type": 12, "object_id": "9", "object_repr": "S8 - Available", "action_flag": 3, "change_message": ""}}, {"model": "admin.logentry", "pk": 123, "fields": {"action_time": "2025-04-29T14:21:44.327Z", "user": 2, "content_type": 12, "object_id": "8", "object_repr": "S7 - Available", "action_flag": 3, "change_message": ""}}, {"model": "admin.logentry", "pk": 124, "fields": {"action_time": "2025-04-29T14:21:44.327Z", "user": 2, "content_type": 12, "object_id": "7", "object_repr": "S6 - Available", "action_flag": 3, "change_message": ""}}, {"model": "admin.logentry", "pk": 125, "fields": {"action_time": "2025-04-29T14:21:44.327Z", "user": 2, "content_type": 12, "object_id": "6", "object_repr": "S5 - Available", "action_flag": 3, "change_message": ""}}, {"model": "admin.logentry", "pk": 126, "fields": {"action_time": "2025-04-29T14:21:44.327Z", "user": 2, "content_type": 12, "object_id": "5", "object_repr": "S4 - Available", "action_flag": 3, "change_message": ""}}, {"model": "admin.logentry", "pk": 127, "fields": {"action_time": "2025-04-29T14:21:44.327Z", "user": 2, "content_type": 12, "object_id": "4", "object_repr": "S3 - Available", "action_flag": 3, "change_message": ""}}, {"model": "admin.logentry", "pk": 128, "fields": {"action_time": "2025-04-29T14:21:44.327Z", "user": 2, "content_type": 12, "object_id": "3", "object_repr": "S2 - Available", "action_flag": 3, "change_message": ""}}, {"model": "admin.logentry", "pk": 129, "fields": {"action_time": "2025-04-29T14:21:44.327Z", "user": 2, "content_type": 12, "object_id": "2", "object_repr": "S1 - Available", "action_flag": 3, "change_message": ""}}, {"model": "admin.logentry", "pk": 130, "fields": {"action_time": "2025-04-29T14:21:56.705Z", "user": 2, "content_type": 12, "object_id": "1", "object_repr": "45 - Available", "action_flag": 3, "change_message": ""}}, {"model": "admin.logentry", "pk": 131, "fields": {"action_time": "2025-04-29T14:22:11.140Z", "user": 2, "content_type": 10, "object_id": "10", "object_repr": "DR.STONE at carnival - 06:00 AM on April 29, 2025", "action_flag": 3, "change_message": ""}}, {"model": "admin.logentry", "pk": 132, "fields": {"action_time": "2025-04-29T14:22:26.874Z", "user": 2, "content_type": 10, "object_id": "11", "object_repr": "DR.STONE at viva - 06:00 AM on April 15, 2025", "action_flag": 1, "change_message": "[{\"added\": {}}]"}}, {"model": "admin.logentry", "pk": 133, "fields": {"action_time": "2025-04-30T06:57:24.145Z", "user": 2, "content_type": 9, "object_id": "5", "object_repr": "UP", "action_flag": 1, "change_message": "[{\"added\": {}}]"}}, {"model": "admin.logentry", "pk": 134, "fields": {"action_time": "2025-04-30T06:58:09.329Z", "user": 2, "content_type": 9, "object_id": "6", "object_repr": "flow", "action_flag": 1, "change_message": "[{\"added\": {}}]"}}, {"model": "admin.logentry", "pk": 135, "fields": {"action_time": "2025-04-30T06:59:02.185Z", "user": 2, "content_type": 10, "object_id": "9", "object_repr": "hulk at imax - 12:50 PM on April 24, 2025", "action_flag": 3, "change_message": ""}}, {"model": "admin.logentry", "pk": 136, "fields": {"action_time": "2025-04-30T06:59:02.185Z", "user": 2, "content_type": 10, "object_id": "8", "object_repr": "my name is raj at 3D max - 02:15 PM on April 25, 2025", "action_flag": 3, "change_message": ""}}, {"model": "admin.logentry", "pk": 137, "fields": {"action_time": "2025-04-30T06:59:02.185Z", "user": 2, "content_type": 10, "object_id": "7", "object_repr": "DR.STONE at imax - 06:00 AM on April 26, 2025", "action_flag": 3, "change_message": ""}}, {"model": "admin.logentry", "pk": 138, "fields": {"action_time": "2025-04-30T06:59:02.185Z", "user": 2, "content_type": 10, "object_id": "6", "object_repr": "hulk at imax - 09:00 AM on April 27, 2025", "action_flag": 3, "change_message": ""}}, {"model": "admin.logentry", "pk": 139, "fields": {"action_time": "2025-04-30T06:59:33.091Z", "user": 2, "content_type": 10, "object_id": "11", "object_repr": "DR.STONE at viva - 06:00 AM on April 15, 2025", "action_flag": 3, "change_message": ""}}, {"model": "admin.logentry", "pk": 140, "fields": {"action_time": "2025-04-30T07:00:42.306Z", "user": 2, "content_type": 10, "object_id": "12", "object_repr": "UP at carnival - 06:00 AM on May 02, 2025", "action_flag": 1, "change_message": "[{\"added\": {}}]"}}, {"model": "admin.logentry", "pk": 141, "fields": {"action_time": "2025-04-30T07:02:58.323Z", "user": 2, "content_type": 10, "object_id": "13", "object_repr": "flow at carnival - 12:00 PM on April 06, 2025", "action_flag": 1, "change_message": "[{\"added\": {}}]"}}, {"model": "admin.logentry", "pk": 142, "fields": {"action_time": "2025-04-30T07:03:23.920Z", "user": 2, "content_type": 10, "object_id": "12", "object_repr": "UP at carnival - 06:00 AM on May 02, 2025", "action_flag": 2, "change_message": "[]"}}, {"model": "admin.logentry", "pk": 143, "fields": {"action_time": "2025-04-30T07:03:34.267Z", "user": 2, "content_type": 10, "object_id": "13", "object_repr": "flow at carnival - 12:00 PM on May 04, 2025", "action_flag": 2, "change_message": "[{\"changed\": {\"fields\": [\"Time slot\"]}}]"}}, {"model": "admin.logentry", "pk": 144, "fields": {"action_time": "2025-04-30T07:24:53.776Z", "user": 2, "content_type": 9, "object_id": "7", "object_repr": "dragon ball", "action_flag": 1, "change_message": "[{\"added\": {}}]"}}, {"model": "admin.logentry", "pk": 145, "fields": {"action_time": "2025-04-30T07:45:08.083Z", "user": 2, "content_type": 9, "object_id": "6", "object_repr": "flow", "action_flag": 2, "change_message": "[{\"changed\": {\"fields\": [\"Release date\"]}}]"}}, {"model": "admin.logentry", "pk": 146, "fields": {"action_time": "2025-04-30T07:45:19.267Z", "user": 2, "content_type": 9, "object_id": "5", "object_repr": "UP", "action_flag": 2, "change_message": "[{\"changed\": {\"fields\": [\"Release date\"]}}]"}}, {"model": "admin.logentry", "pk": 147, "fields": {"action_time": "2025-04-30T07:45:31.380Z", "user": 2, "content_type": 9, "object_id": "4", "object_repr": "my name is raj", "action_flag": 2, "change_message": "[{\"changed\": {\"fields\": [\"Release date\"]}}]"}}, {"model": "admin.logentry", "pk": 148, "fields": {"action_time": "2025-04-30T07:45:39.537Z", "user": 2, "content_type": 9, "object_id": "3", "object_repr": "DR.STONE", "action_flag": 2, "change_message": "[{\"changed\": {\"fields\": [\"Release date\"]}}]"}}, {"model": "admin.logentry", "pk": 149, "fields": {"action_time": "2025-04-30T07:45:45.565Z", "user": 2, "content_type": 9, "object_id": "2", "object_repr": "your name", "action_flag": 2, "change_message": "[{\"changed\": {\"fields\": [\"Release date\"]}}]"}}, {"model": "admin.logentry", "pk": 150, "fields": {"action_time": "2025-04-30T07:45:50.824Z", "user": 2, "content_type": 9, "object_id": "1", "object_repr": "hulk", "action_flag": 2, "change_message": "[{\"changed\": {\"fields\": [\"Release date\"]}}]"}}, {"model": "admin.logentry", "pk": 151, "fields": {"action_time": "2025-04-30T07:52:21.064Z", "user": 2, "content_type": 9, "object_id": "8", "object_repr": "devil may cry", "action_flag": 1, "change_message": "[{\"added\": {}}]"}}, {"model": "admin.logentry", "pk": 152, "fields": {"action_time": "2025-04-30T07:53:31.966Z", "user": 2, "content_type": 10, "object_id": "14", "object_repr": "devil may cry at carnival - 06:00 AM on May 09, 2025", "action_flag": 1, "change_message": "[{\"added\": {}}]"}}, {"model": "admin.logentry", "pk": 153, "fields": {"action_time": "2025-04-30T13:51:15.179Z", "user": 2, "content_type": 13, "object_id": "1", "object_repr": "GENRE_CHOICES = [     ('action', 'Action'),     ('", "action_flag": 1, "change_message": "[{\"added\": {}}]"}}, {"model": "admin.logentry", "pk": 154, "fields": {"action_time": "2025-04-30T13:51:21.805Z", "user": 2, "content_type": 13, "object_id": "1", "object_repr": "GENRE_CHOICES = [     ('action', 'Action'),     ('", "action_flag": 3, "change_message": ""}}, {"model": "admin.logentry", "pk": 155, "fields": {"action_time": "2025-04-30T13:53:32.869Z", "user": 2, "content_type": 13, "object_id": "2", "object_repr": "Action", "action_flag": 1, "change_message": "[{\"added\": {}}]"}}, {"model": "admin.logentry", "pk": 156, "fields": {"action_time": "2025-04-30T13:53:56.270Z", "user": 2, "content_type": 13, "object_id": "3", "object_repr": "Adventure", "action_flag": 1, "change_message": "[{\"added\": {}}]"}}, {"model": "admin.logentry", "pk": 157, "fields": {"action_time": "2025-04-30T13:54:04.352Z", "user": 2, "content_type": 13, "object_id": "4", "object_repr": "Comedy", "action_flag": 1, "change_message": "[{\"added\": {}}]"}}, {"model": "admin.logentry", "pk": 158, "fields": {"action_time": "2025-04-30T13:54:09.324Z", "user": 2, "content_type": 13, "object_id": "5", "object_repr": "Drama", "action_flag": 1, "change_message": "[{\"added\": {}}]"}}, {"model": "admin.logentry", "pk": 159, "fields": {"action_time": "2025-04-30T13:54:18.253Z", "user": 2, "content_type": 13, "object_id": "6", "object_repr": "Fantasy", "action_flag": 1, "change_message": "[{\"added\": {}}]"}}, {"model": "admin.logentry", "pk": 160, "fields": {"action_time": "2025-04-30T13:54:23.312Z", "user": 2, "content_type": 13, "object_id": "7", "object_repr": "Horror", "action_flag": 1, "change_message": "[{\"added\": {}}]"}}, {"model": "admin.logentry", "pk": 161, "fields": {"action_time": "2025-04-30T13:54:27.701Z", "user": 2, "content_type": 13, "object_id": "8", "object_repr": "Mystery", "action_flag": 1, "change_message": "[{\"added\": {}}]"}}, {"model": "admin.logentry", "pk": 162, "fields": {"action_time": "2025-04-30T13:54:33.109Z", "user": 2, "content_type": 13, "object_id": "9", "object_repr": "Romance", "action_flag": 1, "change_message": "[{\"added\": {}}]"}}, {"model": "admin.logentry", "pk": 163, "fields": {"action_time": "2025-04-30T13:54:53.013Z", "user": 2, "content_type": 13, "object_id": "10", "object_repr": "Science Fiction", "action_flag": 1, "change_message": "[{\"added\": {}}]"}}, {"model": "admin.logentry", "pk": 164, "fields": {"action_time": "2025-04-30T13:54:58.424Z", "user": 2, "content_type": 13, "object_id": "11", "object_repr": "Thriller", "action_flag": 1, "change_message": "[{\"added\": {}}]"}}, {"model": "admin.logentry", "pk": 165, "fields": {"action_time": "2025-04-30T13:55:03.451Z", "user": 2, "content_type": 13, "object_id": "12", "object_repr": "Animation", "action_flag": 1, "change_message": "[{\"added\": {}}]"}}, {"model": "admin.logentry", "pk": 166, "fields": {"action_time": "2025-04-30T13:55:08.032Z", "user": 2, "content_type": 13, "object_id": "13", "object_repr": "Biography", "action_flag": 1, "change_message": "[{\"added\": {}}]"}}, {"model": "admin.logentry", "pk": 167, "fields": {"action_time": "2025-04-30T13:55:12.100Z", "user": 2, "content_type": 13, "object_id": "14", "object_repr": "Crime", "action_flag": 1, "change_message": "[{\"added\": {}}]"}}, {"model": "admin.logentry", "pk": 168, "fields": {"action_time": "2025-04-30T13:55:15.789Z", "user": 2, "content_type": 13, "object_id": "15", "object_repr": "Documentary", "action_flag": 1, "change_message": "[{\"added\": {}}]"}}, {"model": "admin.logentry", "pk": 169, "fields": {"action_time": "2025-04-30T13:55:19.379Z", "user": 2, "content_type": 13, "object_id": "16", "object_repr": "Family", "action_flag": 1, "change_message": "[{\"added\": {}}]"}}, {"model": "admin.logentry", "pk": 170, "fields": {"action_time": "2025-04-30T13:55:23.533Z", "user": 2, "content_type": 13, "object_id": "17", "object_repr": "History", "action_flag": 1, "change_message": "[{\"added\": {}}]"}}, {"model": "admin.logentry", "pk": 171, "fields": {"action_time": "2025-04-30T13:55:29.850Z", "user": 2, "content_type": 13, "object_id": "18", "object_repr": "Musical", "action_flag": 1, "change_message": "[{\"added\": {}}]"}}, {"model": "admin.logentry", "pk": 172, "fields": {"action_time": "2025-04-30T13:55:38.844Z", "user": 2, "content_type": 13, "object_id": "19", "object_repr": "War", "action_flag": 1, "change_message": "[{\"added\": {}}]"}}, {"model": "admin.logentry", "pk": 173, "fields": {"action_time": "2025-04-30T13:55:42.820Z", "user": 2, "content_type": 13, "object_id": "20", "object_repr": "Western", "action_flag": 1, "change_message": "[{\"added\": {}}]"}}, {"model": "admin.logentry", "pk": 174, "fields": {"action_time": "2025-04-30T13:55:51.421Z", "user": 2, "content_type": 13, "object_id": "21", "object_repr": "Sport", "action_flag": 1, "change_message": "[{\"added\": {}}]"}}, {"model": "admin.logentry", "pk": 175, "fields": {"action_time": "2025-04-30T13:56:56.120Z", "user": 2, "content_type": 9, "object_id": "8", "object_repr": "devil may cry", "action_flag": 2, "change_message": "[{\"changed\": {\"fields\": [\"Description\", \"Genres\"]}}]"}}, {"model": "admin.logentry", "pk": 176, "fields": {"action_time": "2025-04-30T14:01:41.202Z", "user": 2, "content_type": 9, "object_id": "7", "object_repr": "dragon ball", "action_flag": 2, "change_message": "[{\"changed\": {\"fields\": [\"Description\", \"Genres\"]}}]"}}, {"model": "admin.logentry", "pk": 177, "fields": {"action_time": "2025-04-30T14:02:20.394Z", "user": 2, "content_type": 9, "object_id": "6", "object_repr": "flow", "action_flag": 2, "change_message": "[{\"changed\": {\"fields\": [\"Description\", \"Genres\"]}}]"}}, {"model": "admin.logentry", "pk": 178, "fields": {"action_time": "2025-04-30T14:03:00.029Z", "user": 2, "content_type": 9, "object_id": "5", "object_repr": "UP", "action_flag": 2, "change_message": "[{\"changed\": {\"fields\": [\"Description\", \"Genres\"]}}]"}}, {"model": "admin.logentry", "pk": 179, "fields": {"action_time": "2025-04-30T14:03:22.979Z", "user": 2, "content_type": 9, "object_id": "4", "object_repr": "my name is raj", "action_flag": 2, "change_message": "[{\"changed\": {\"fields\": [\"Description\", \"Genres\"]}}]"}}, {"model": "admin.logentry", "pk": 180, "fields": {"action_time": "2025-04-30T14:04:17.991Z", "user": 2, "content_type": 9, "object_id": "3", "object_repr": "DR.STONE", "action_flag": 2, "change_message": "[{\"changed\": {\"fields\": [\"Description\", \"Genres\"]}}]"}}, {"model": "admin.logentry", "pk": 181, "fields": {"action_time": "2025-04-30T14:04:48.193Z", "user": 2, "content_type": 9, "object_id": "2", "object_repr": "your name", "action_flag": 2, "change_message": "[{\"changed\": {\"fields\": [\"Description\", \"Genres\"]}}]"}}, {"model": "admin.logentry", "pk": 182, "fields": {"action_time": "2025-04-30T14:05:41.365Z", "user": 2, "content_type": 9, "object_id": "1", "object_repr": "hulk", "action_flag": 2, "change_message": "[{\"changed\": {\"fields\": [\"Description\", \"Genres\"]}}]"}}, {"model": "admin.logentry", "pk": 183, "fields": {"action_time": "2025-05-05T07:49:11.005Z", "user": 2, "content_type": 14, "object_id": "1", "object_repr": "marathi", "action_flag": 1, "change_message": "[{\"added\": {}}]"}}, {"model": "admin.logentry", "pk": 184, "fields": {"action_time": "2025-05-05T07:49:25.399Z", "user": 2, "content_type": 14, "object_id": "2", "object_repr": "hindi", "action_flag": 1, "change_message": "[{\"added\": {}}]"}}, {"model": "admin.logentry", "pk": 185, "fields": {"action_time": "2025-05-05T07:49:30.301Z", "user": 2, "content_type": 14, "object_id": "3", "object_repr": "english", "action_flag": 1, "change_message": "[{\"added\": {}}]"}}, {"model": "admin.logentry", "pk": 186, "fields": {"action_time": "2025-05-05T07:49:41.599Z", "user": 2, "content_type": 14, "object_id": "4", "object_repr": "tamil", "action_flag": 1, "change_message": "[{\"added\": {}}]"}}, {"model": "admin.logentry", "pk": 187, "fields": {"action_time": "2025-05-05T07:49:48.822Z", "user": 2, "content_type": 14, "object_id": "5", "object_repr": "telgu", "action_flag": 1, "change_message": "[{\"added\": {}}]"}}, {"model": "admin.logentry", "pk": 188, "fields": {"action_time": "2025-05-05T07:50:13.487Z", "user": 2, "content_type": 14, "object_id": "6", "object_repr": "gujarati", "action_flag": 1, "change_message": "[{\"added\": {}}]"}}, {"model": "admin.logentry", "pk": 189, "fields": {"action_time": "2025-05-05T07:50:19.639Z", "user": 2, "content_type": 14, "object_id": "7", "object_repr": "punjabi", "action_flag": 1, "change_message": "[{\"added\": {}}]"}}, {"model": "admin.logentry", "pk": 190, "fields": {"action_time": "2025-05-05T07:53:45.606Z", "user": 2, "content_type": 9, "object_id": "1", "object_repr": "hulk", "action_flag": 2, "change_message": "[{\"changed\": {\"fields\": [\"Language\"]}}]"}}, {"model": "admin.logentry", "pk": 191, "fields": {"action_time": "2025-05-05T07:54:53.424Z", "user": 2, "content_type": 14, "object_id": "8", "object_repr": "japanese", "action_flag": 1, "change_message": "[{\"added\": {}}]"}}, {"model": "admin.logentry", "pk": 192, "fields": {"action_time": "2025-05-05T08:19:19.127Z", "user": 2, "content_type": 9, "object_id": "2", "object_repr": "your name", "action_flag": 2, "change_message": "[{\"changed\": {\"fields\": [\"Language\"]}}]"}}, {"model": "admin.logentry", "pk": 193, "fields": {"action_time": "2025-05-05T08:19:29.115Z", "user": 2, "content_type": 9, "object_id": "3", "object_repr": "DR.STONE", "action_flag": 2, "change_message": "[{\"changed\": {\"fields\": [\"Language\"]}}]"}}, {"model": "admin.logentry", "pk": 194, "fields": {"action_time": "2025-05-05T08:19:40.662Z", "user": 2, "content_type": 9, "object_id": "4", "object_repr": "my name is raj", "action_flag": 2, "change_message": "[{\"changed\": {\"fields\": [\"Language\"]}}]"}}, {"model": "admin.logentry", "pk": 195, "fields": {"action_time": "2025-05-05T08:19:53.116Z", "user": 2, "content_type": 9, "object_id": "5", "object_repr": "UP", "action_flag": 2, "change_message": "[{\"changed\": {\"fields\": [\"Language\"]}}]"}}, {"model": "admin.logentry", "pk": 196, "fields": {"action_time": "2025-05-05T08:20:33.613Z", "user": 2, "content_type": 9, "object_id": "6", "object_repr": "flow", "action_flag": 2, "change_message": "[{\"changed\": {\"fields\": [\"Language\"]}}]"}}, {"model": "admin.logentry", "pk": 197, "fields": {"action_time": "2025-05-05T08:20:52.322Z", "user": 2, "content_type": 9, "object_id": "7", "object_repr": "dragon ball", "action_flag": 2, "change_message": "[{\"changed\": {\"fields\": [\"Language\"]}}]"}}, {"model": "admin.logentry", "pk": 198, "fields": {"action_time": "2025-05-05T08:20:59.892Z", "user": 2, "content_type": 9, "object_id": "8", "object_repr": "devil may cry", "action_flag": 2, "change_message": "[{\"changed\": {\"fields\": [\"Language\"]}}]"}}, {"model": "admin.logentry", "pk": 199, "fields": {"action_time": "2025-05-05T09:59:11.489Z", "user": 2, "content_type": 9, "object_id": "6", "object_repr": "flow", "action_flag": 2, "change_message": "[{\"changed\": {\"fields\": [\"Release date\"]}}]"}}, {"model": "admin.logentry", "pk": 200, "fields": {"action_time": "2025-05-05T10:01:21.098Z", "user": 2, "content_type": 9, "object_id": "2", "object_repr": "your name", "action_flag": 2, "change_message": "[{\"changed\": {\"fields\": [\"Release date\"]}}]"}}, {"model": "sessions.session", "pk": "h7mfz2vb0uy345tlnfhgt1ccxxz5l4gs", "fields": {"session_data": ".eJxVjMsOwiAQRf-FtSEMb1y69xvIwIBUDU1KuzL-uzbpQrf3nHNfLOK2triNssSJ2JlJdvrdEuZH6TugO_bbzPPc12VKfFf4QQe_zlSel8P9O2g42rcODlwtQRv0ShpPiZKpKlXvqxQBnLRkwfmkQRghTVFYdVGkIVsQDjV7fwDOYjcY:1u7ra6:tas9iz3GL2jVzMl8Z3QSX6TDx2y4fLV_Hi6cA12Qrvk", "expire_date": "2025-05-08T08:05:14.240Z"}}, {"model": "ticket_booking.customuser", "pk": 1, "fields": {"password": "pbkdf2_sha256$1000000$hjuFMAreaPbEXnctSidaXZ$dRqi5QIMkR9UeVKlIptEi6DKWltO91ypNEDVEWD7yEI=", "last_login": null, "is_superuser": false, "username": "rajjadhav55", "first_name": "raj", "last_name": " jadhav", "email": "raj@gmail.com", "is_staff": false, "is_active": true, "date_joined": "2025-04-23T14:07:57.384Z", "contact_no": "1234567890", "is_admin": false, "groups": [], "user_permissions": []}}, {"model": "ticket_booking.customuser", "pk": 2, "fields": {"password": "pbkdf2_sha256$1000000$hA86e9ycAlmwj5qo07eYtb$T3D/XKu10OCoMBoWbHZS/eI8p0293jnmzVCa+NVC/+M=", "last_login": "2025-04-24T08:05:14.236Z", "is_superuser": true, "username": "raj", "first_name": "", "last_name": "", "email": "raj@gmail.com", "is_staff": true, "is_active": true, "date_joined": "2025-04-24T08:04:24.801Z", "contact_no": null, "is_admin": false, "groups": [], "user_permissions": []}}, {"model": "ticket_booking.theater", "pk": 1, "fields": {"name": "viva"}}, {"model": "ticket_booking.theater", "pk": 2, "fields": {"name": "imax"}}, {"model": "ticket_booking.theater", "pk": 3, "fields": {"name": "3D max"}}, {"model": "ticket_booking.theater", "pk": 4, "fields": {"name": "carnival"}}, {"model": "ticket_booking.genre", "pk": 2, "fields": {"name": "Action"}}, {"model": "ticket_booking.genre", "pk": 3, "fields": {"name": "Adventure"}}, {"model": "ticket_booking.genre", "pk": 4, "fields": {"name": "Comedy"}}, {"model": "ticket_booking.genre", "pk": 5, "fields": {"name": "Drama"}}, {"model": "ticket_booking.genre", "pk": 6, "fields": {"name": "Fantasy"}}, {"model": "ticket_booking.genre", "pk": 7, "fields": {"name": "Horror"}}, {"model": "ticket_booking.genre", "pk": 8, "fields": {"name": "Mystery"}}, {"model": "ticket_booking.genre", "pk": 9, "fields": {"name": "Romance"}}, {"model": "ticket_booking.genre", "pk": 10, "fields": {"name": "Science Fiction"}}, {"model": "ticket_booking.genre", "pk": 11, "fields": {"name": "Thriller"}}, {"model": "ticket_booking.genre", "pk": 12, "fields": {"name": "Animation"}}, {"model": "ticket_booking.genre", "pk": 13, "fields": {"name": "Biography"}}, {"model": "ticket_booking.genre", "pk": 14, "fields": {"name": "Crime"}}, {"model": "ticket_booking.genre", "pk": 15, "fields": {"name": "Documentary"}}, {"model": "ticket_booking.genre", "pk": 16, "fields": {"name": "Family"}}, {"model": "ticket_booking.genre", "pk": 17, "fields": {"name": "History"}}, {"model": "ticket_booking.genre", "pk": 18, "fields": {"name": "Musical"}}, {"model": "ticket_booking.genre", "pk": 19, "fields": {"name": "War"}}, {"model": "ticket_booking.genre", "pk": 20, "fields": {"name": "Western"}}, {"model": "ticket_booking.genre", "pk": 21, "fields": {"name": "Sport"}}, {"model": "ticket_booking.language", "pk": 1, "fields": {"language": "marathi"}}, {"model": "ticket_booking.language", "pk": 2, "fields": {"language": "hindi"}}, {"model": "ticket_booking.language", "pk": 3, "fields": {"language": "english"}}, {"model": "ticket_booking.language", "pk": 4, "fields": {"language": "tamil"}}, {"model": "ticket_booking.language", "pk": 5, "fields": {"language": "telgu"}}, {"model": "ticket_booking.language", "pk": 6, "fields": {"language": "gujarati"}}, {"model": "ticket_booking.language", "pk": 7, "fields": {"language": "punjabi"}}, {"model": "ticket_booking.language", "pk": 8, "fields": {"language": "japanese"}}, {"model": "ticket_booking.movie", "pk": 1, "fields": {"title": "hulk", "duration_min": 100, "release_date": "2025-04-15", "description": "big green man with unbreakable pants", "genres": [2, 19], "language": [2, 3, 4, 5]}}, {"model": "ticket_booking.movie", "pk": 2, "fields": {"title": "your name", "duration_min": 90, "release_date": "2025-05-15", "description": "love and twist", "genres": [3, 4, 5, 6, 8, 9, 12], "language": [2, 3, 8]}}, {"model": "ticket_booking.movie", "pk": 3, "fields": {"title": "DR.STONE", "duration_min": 80, "release_date": "2025-04-24", "description": "a man with great mind", "genres": [2, 3, 4, 8, 10, 12, 19], "language": [2, 3, 8]}}, {"model": "ticket_booking.movie", "pk": 4, "fields": {"title": "my name is raj", "duration_min": 60, "release_date": "2025-04-09", "description": "old indian kids show", "genres": [2, 3, 12], "language": [2]}}, {"model": "ticket_booking.movie", "pk": 5, "fields": {"title": "UP", "duration_min": 90, "release_date": "2025-04-28", "description": "a man who can fly a house", "genres": [3, 4, 5, 12], "language": [2, 3, 4]}}, {"model": "ticket_booking.movie", "pk": 6, "fields": {"title": "flow", "duration_min": 80, "release_date": "2025-05-29", "description": "about a cat", "genres": [3, 5, 6, 12], "language": [3]}}, {"model": "ticket_booking.movie", "pk": 7, "fields": {"title": "dragon ball", "duration_min": 100, "release_date": "2025-05-09", "description": "adventure of a boy who becomes strongest in universe", "genres": [2, 3, 12], "language": [2, 3, 8]}}, {"model": "ticket_booking.movie", "pk": 8, "fields": {"title": "devil may cry", "duration_min": 80, "release_date": "2025-05-08", "description": "it's about devil and human", "genres": [2, 7, 8, 12, 19], "language": [3, 8]}}, {"model": "ticket_booking.show", "pk": 1, "fields": {"movie": 1, "theater": 1, "time_slot": "2025-05-14T09:00:00Z"}}, {"model": "ticket_booking.show", "pk": 2, "fields": {"movie": 1, "theater": 1, "time_slot": "2025-05-08T06:00:00Z"}}, {"model": "ticket_booking.show", "pk": 3, "fields": {"movie": 2, "theater": 1, "time_slot": "2025-05-05T14:15:00Z"}}, {"model": "ticket_booking.show", "pk": 4, "fields": {"movie": 2, "theater": 1, "time_slot": "2025-05-02T12:00:00Z"}}, {"model": "ticket_booking.show", "pk": 5, "fields": {"movie": 2, "theater": 2, "time_slot": "2025-05-01T12:00:00Z"}}, {"model": "ticket_booking.show", "pk": 12, "fields": {"movie": 5, "theater": 4, "time_slot": "2025-05-02T06:00:00Z"}}, {"model": "ticket_booking.show", "pk": 13, "fields": {"movie": 6, "theater": 4, "time_slot": "2025-05-04T12:00:00Z"}}, {"model": "ticket_booking.show", "pk": 14, "fields": {"movie": 8, "theater": 4, "time_slot": "2025-05-09T06:00:00Z"}}, {"model": "ticket_booking.seat", "pk": 152, "fields": {"show": 12, "seat_number": "S1", "is_booked": false}}, {"model": "ticket_booking.seat", "pk": 153, "fields": {"show": 12, "seat_number": "S2", "is_booked": false}}, {"model": "ticket_booking.seat", "pk": 154, "fields": {"show": 12, "seat_number": "S3", "is_booked": false}}, {"model": "ticket_booking.seat", "pk": 155, "fields": {"show": 12, "seat_number": "S4", "is_booked": false}}, {"model": "ticket_booking.seat", "pk": 156, "fields": {"show": 12, "seat_number": "S5", "is_booked": false}}, {"model": "ticket_booking.seat", "pk": 157, "fields": {"show": 12, "seat_number": "S6", "is_booked": false}}, {"model": "ticket_booking.seat", "pk": 158, "fields": {"show": 12, "seat_number": "S7", "is_booked": false}}, {"model": "ticket_booking.seat", "pk": 159, "fields": {"show": 12, "seat_number": "S8", "is_booked": false}}, {"model": "ticket_booking.seat", "pk": 160, "fields": {"show": 12, "seat_number": "S9", "is_booked": false}}, {"model": "ticket_booking.seat", "pk": 161, "fields": {"show": 12, "seat_number": "S10", "is_booked": false}}, {"model": "ticket_booking.seat", "pk": 162, "fields": {"show": 12, "seat_number": "S11", "is_booked": false}}, {"model": "ticket_booking.seat", "pk": 163, "fields": {"show": 12, "seat_number": "S12", "is_booked": false}}, {"model": "ticket_booking.seat", "pk": 164, "fields": {"show": 12, "seat_number": "S13", "is_booked": false}}, {"model": "ticket_booking.seat", "pk": 165, "fields": {"show": 12, "seat_number": "S14", "is_booked": false}}, {"model": "ticket_booking.seat", "pk": 166, "fields": {"show": 12, "seat_number": "S15", "is_booked": false}}, {"model": "ticket_booking.seat", "pk": 167, "fields": {"show": 12, "seat_number": "S16", "is_booked": false}}, {"model": "ticket_booking.seat", "pk": 168, "fields": {"show": 12, "seat_number": "S17", "is_booked": false}}, {"model": "ticket_booking.seat", "pk": 169, "fields": {"show": 12, "seat_number": "S18", "is_booked": false}}, {"model": "ticket_booking.seat", "pk": 170, "fields": {"show": 12, "seat_number": "S19", "is_booked": false}}, {"model": "ticket_booking.seat", "pk": 171, "fields": {"show": 12, "seat_number": "S20", "is_booked": false}}, {"model": "ticket_booking.seat", "pk": 172, "fields": {"show": 12, "seat_number": "S21", "is_booked": false}}, {"model": "ticket_booking.seat", "pk": 173, "fields": {"show": 12, "seat_number": "S22", "is_booked": false}}, {"model": "ticket_booking.seat", "pk": 174, "fields": {"show": 12, "seat_number": "S23", "is_booked": false}}, {"model": "ticket_booking.seat", "pk": 175, "fields": {"show": 12, "seat_number": "S24", "is_booked": false}}, {"model": "ticket_booking.seat", "pk": 176, "fields": {"show": 12, "seat_number": "S25", "is_booked": false}}, {"model": "ticket_booking.seat", "pk": 177, "fields": {"show": 12, "seat_number": "S26", "is_booked": false}}, {"model": "ticket_booking.seat", "pk": 178, "fields": {"show": 12, "seat_number": "S27", "is_booked": false}}, {"model": "ticket_booking.seat", "pk": 179, "fields": {"show": 12, "seat_number": "S28", "is_booked": false}}, {"model": "ticket_booking.seat", "pk": 180, "fields": {"show": 12, "seat_number": "S29", "is_booked": false}}, {"model": "ticket_booking.seat", "pk": 181, "fields": {"show": 12, "seat_number": "S30", "is_booked": false}}, {"model": "ticket_booking.seat", "pk": 182, "fields": {"show": 12, "seat_number": "S31", "is_booked": false}}, {"model": "ticket_booking.seat", "pk": 183, "fields": {"show": 12, "seat_number": "S32", "is_booked": false}}, {"model": "ticket_booking.seat", "pk": 184, "fields": {"show": 12, "seat_number": "S33", "is_booked": false}}, {"model": "ticket_booking.seat", "pk": 185, "fields": {"show": 12, "seat_number": "S34", "is_booked": false}}, {"model": "ticket_booking.seat", "pk": 186, "fields": {"show": 12, "seat_number": "S35", "is_booked": false}}, {"model": "ticket_booking.seat", "pk": 187, "fields": {"show": 12, "seat_number": "S36", "is_booked": false}}, {"model": "ticket_booking.seat", "pk": 188, "fields": {"show": 12, "seat_number": "S37", "is_booked": false}}, {"model": "ticket_booking.seat", "pk": 189, "fields": {"show": 12, "seat_number": "S38", "is_booked": false}}, {"model": "ticket_booking.seat", "pk": 190, "fields": {"show": 12, "seat_number": "S39", "is_booked": false}}, {"model": "ticket_booking.seat", "pk": 191, "fields": {"show": 12, "seat_number": "S40", "is_booked": false}}, {"model": "ticket_booking.seat", "pk": 192, "fields": {"show": 12, "seat_number": "S41", "is_booked": false}}, {"model": "ticket_booking.seat", "pk": 193, "fields": {"show": 12, "seat_number": "S42", "is_booked": false}}, {"model": "ticket_booking.seat", "pk": 194, "fields": {"show": 12, "seat_number": "S43", "is_booked": false}}, {"model": "ticket_booking.seat", "pk": 195, "fields": {"show": 12, "seat_number": "S44", "is_booked": false}}, {"model": "ticket_booking.seat", "pk": 196, "fields": {"show": 12, "seat_number": "S45", "is_booked": false}}, {"model": "ticket_booking.seat", "pk": 197, "fields": {"show": 12, "seat_number": "S46", "is_booked": false}}, {"model": "ticket_booking.seat", "pk": 198, "fields": {"show": 12, "seat_number": "S47", "is_booked": false}}, {"model": "ticket_booking.seat", "pk": 199, "fields": {"show": 12, "seat_number": "S48", "is_booked": false}}, {"model": "ticket_booking.seat", "pk": 200, "fields": {"show": 12, "seat_number": "S49", "is_booked": false}}, {"model": "ticket_booking.seat", "pk": 201, "fields": {"show": 12, "seat_number": "S50", "is_booked": false}}, {"model": "ticket_booking.seat", "pk": 202, "fields": {"show": 13, "seat_number": "S1", "is_booked": false}}, {"model": "ticket_booking.seat", "pk": 203, "fields": {"show": 13, "seat_number": "S2", "is_booked": false}}, {"model": "ticket_booking.seat", "pk": 204, "fields": {"show": 13, "seat_number": "S3", "is_booked": false}}, {"model": "ticket_booking.seat", "pk": 205, "fields": {"show": 13, "seat_number": "S4", "is_booked": false}}, {"model": "ticket_booking.seat", "pk": 206, "fields": {"show": 13, "seat_number": "S5", "is_booked": false}}, {"model": "ticket_booking.seat", "pk": 207, "fields": {"show": 13, "seat_number": "S6", "is_booked": false}}, {"model": "ticket_booking.seat", "pk": 208, "fields": {"show": 13, "seat_number": "S7", "is_booked": false}}, {"model": "ticket_booking.seat", "pk": 209, "fields": {"show": 13, "seat_number": "S8", "is_booked": false}}, {"model": "ticket_booking.seat", "pk": 210, "fields": {"show": 13, "seat_number": "S9", "is_booked": false}}, {"model": "ticket_booking.seat", "pk": 211, "fields": {"show": 13, "seat_number": "S10", "is_booked": false}}, {"model": "ticket_booking.seat", "pk": 212, "fields": {"show": 13, "seat_number": "S11", "is_booked": false}}, {"model": "ticket_booking.seat", "pk": 213, "fields": {"show": 13, "seat_number": "S12", "is_booked": false}}, {"model": "ticket_booking.seat", "pk": 214, "fields": {"show": 13, "seat_number": "S13", "is_booked": false}}, {"model": "ticket_booking.seat", "pk": 215, "fields": {"show": 13, "seat_number": "S14", "is_booked": false}}, {"model": "ticket_booking.seat", "pk": 216, "fields": {"show": 13, "seat_number": "S15", "is_booked": false}}, {"model": "ticket_booking.seat", "pk": 217, "fields": {"show": 13, "seat_number": "S16", "is_booked": false}}, {"model": "ticket_booking.seat", "pk": 218, "fields": {"show": 13, "seat_number": "S17", "is_booked": false}}, {"model": "ticket_booking.seat", "pk": 219, "fields": {"show": 13, "seat_number": "S18", "is_booked": false}}, {"model": "ticket_booking.seat", "pk": 220, "fields": {"show": 13, "seat_number": "S19", "is_booked": false}}, {"model": "ticket_booking.seat", "pk": 221, "fields": {"show": 13, "seat_number": "S20", "is_booked": false}}, {"model": "ticket_booking.seat", "pk": 222, "fields": {"show": 13, "seat_number": "S21", "is_booked": false}}, {"model": "ticket_booking.seat", "pk": 223, "fields": {"show": 13, "seat_number": "S22", "is_booked": false}}, {"model": "ticket_booking.seat", "pk": 224, "fields": {"show": 13, "seat_number": "S23", "is_booked": false}}, {"model": "ticket_booking.seat", "pk": 225, "fields": {"show": 13, "seat_number": "S24", "is_booked": false}}, {"model": "ticket_booking.seat", "pk": 226, "fields": {"show": 13, "seat_number": "S25", "is_booked": false}}, {"model": "ticket_booking.seat", "pk": 227, "fields": {"show": 13, "seat_number": "S26", "is_booked": false}}, {"model": "ticket_booking.seat", "pk": 228, "fields": {"show": 13, "seat_number": "S27", "is_booked": false}}, {"model": "ticket_booking.seat", "pk": 229, "fields": {"show": 13, "seat_number": "S28", "is_booked": false}}, {"model": "ticket_booking.seat", "pk": 230, "fields": {"show": 13, "seat_number": "S29", "is_booked": false}}, {"model": "ticket_booking.seat", "pk": 231, "fields": {"show": 13, "seat_number": "S30", "is_booked": false}}, {"model": "ticket_booking.seat", "pk": 232, "fields": {"show": 13, "seat_number": "S31", "is_booked": false}}, {"model": "ticket_booking.seat", "pk": 233, "fields": {"show": 13, "seat_number": "S32", "is_booked": false}}, {"model": "ticket_booking.seat", "pk": 234, "fields": {"show": 13, "seat_number": "S33", "is_booked": false}}, {"model": "ticket_booking.seat", "pk": 235, "fields": {"show": 13, "seat_number": "S34", "is_booked": false}}, {"model": "ticket_booking.seat", "pk": 236, "fields": {"show": 13, "seat_number": "S35", "is_booked": false}}, {"model": "ticket_booking.seat", "pk": 237, "fields": {"show": 13, "seat_number": "S36", "is_booked": false}}, {"model": "ticket_booking.seat", "pk": 238, "fields": {"show": 13, "seat_number": "S37", "is_booked": false}}, {"model": "ticket_booking.seat", "pk": 239, "fields": {"show": 13, "seat_number": "S38", "is_booked": false}}, {"model": "ticket_booking.seat", "pk": 240, "fields": {"show": 13, "seat_number": "S39", "is_booked": false}}, {"model": "ticket_booking.seat", "pk": 241, "fields": {"show": 13, "seat_number": "S40", "is_booked": false}}, {"model": "ticket_booking.seat", "pk": 242, "fields": {"show": 13, "seat_number": "S41", "is_booked": false}}, {"model": "ticket_booking.seat", "pk": 243, "fields": {"show": 13, "seat_number": "S42", "is_booked": false}}, {"model": "ticket_booking.seat", "pk": 244, "fields": {"show": 13, "seat_number": "S43", "is_booked": false}}, {"model": "ticket_booking.seat", "pk": 245, "fields": {"show": 13, "seat_number": "S44", "is_booked": false}}, {"model": "ticket_booking.seat", "pk": 246, "fields": {"show": 13, "seat_number": "S45", "is_booked": false}}, {"model": "ticket_booking.seat", "pk": 247, "fields": {"show": 13, "seat_number": "S46", "is_booked": false}}, {"model": "ticket_booking.seat", "pk": 248, "fields": {"show": 13, "seat_number": "S47", "is_booked": false}}, {"model": "ticket_booking.seat", "pk": 249, "fields": {"show": 13, "seat_number": "S48", "is_booked": false}}, {"model": "ticket_booking.seat", "pk": 250, "fields": {"show": 13, "seat_number": "S49", "is_booked": false}}, {"model": "ticket_booking.seat", "pk": 251, "fields": {"show": 13, "seat_number": "S50", "is_booked": false}}, {"model": "ticket_booking.booking", "pk": 1, "fields": {"user": 2, "show": 5, "booking_time": "2025-04-28T13:28:14.498Z", "number_of_tickets": 3, "seats": []}}, {"model": "ticket_booking.booking", "pk": 2, "fields": {"user": 2, "show": 5, "booking_time": "2025-04-28T14:21:43.923Z", "number_of_tickets": 97, "seats": []}}, {"model": "ticket_booking.booking", "pk": 3, "fields": {"user": 2, "show": 3, "booking_time": "2025-04-29T06:42:43.783Z", "number_of_tickets": 50, "seats": []}}, {"model": "ticket_booking.booking", "pk": 4, "fields": {"user": 2, "show": 3, "booking_time": "2025-04-29T06:44:10.810Z", "number_of_tickets": 50, "seats": []}}, {"model": "ticket_booking.booking", "pk": 5, "fields": {"user": 2, "show": 1, "booking_time": "2025-04-29T06:58:10.047Z", "number_of_tickets": 41, "seats": []}}]